"Reference","Value","Footprint","LCSC","QUANTITY","DNP"
"C1-C4","100nF","Capacitor_SMD:C_0201_0603Metric","C76934","4",""
"C5,C28,C38","10uF 25V","Capacitor_SMD:C_0805_2012Metric","C15850","3",""
"C6,C9-C20,C23-C27,C29,C33,C42","100nF","Capacitor_SMD:C_0402_1005Metric","C1525","21",""
"C7,C40","22uF","Capacitor_SMD:C_0805_2012Metric","C45783","2",""
"C8,C22,C43-C46","10uF","Capacitor_SMD:C_0402_1005Metric","C15525","6",""
"C21,C30","1uF","Capacitor_SMD:C_0402_1005Metric","C52923","2",""
"C31,C32","18pF","Capacitor_SMD:C_0402_1005Metric","C1549","2",""
"C34-C37","220nF","Capacitor_SMD:C_0201_0603Metric","C76932","4",""
"C39","3.3nF","Capacitor_SMD:C_0402_1005Metric","C1536","1",""
"C41","330uF 10V","Capacitor_Tantalum_SMD:CP_EIA-7343-31_Kemet-D","C105408","1",""
"J1","USB-C 105450-0101","Connector_USB:USB_C_Receptacle_Molex_105450-0101","C134092","1",""
"J2","M.2 key M (2230)","cartouche:CONN-SMD_APCI0113-P001A","C841669","1",""
"L1","4.7uH","Inductor_SMD:L_1008_2520Metric","C383386","1",""
"LED1","red","LED_SMD:LED_0603_1608Metric","C2286","1",""
"R1,R2","5.1k","Resistor_SMD:R_0402_1005Metric","C25905","2",""
"R3,R6,R10-R14","10k","Resistor_SMD:R_0402_1005Metric","C25744","7",""
"R4","20k","Resistor_SMD:R_0402_1005Metric","C25765","1",""
"R5","12k 1%","Resistor_SMD:R_0402_1005Metric","C25752","1",""
"R9","1k","Resistor_SMD:R_0402_1005Metric","C11702","1",""
"R15","475k 1%","Resistor_SMD:R_0402_1005Metric","C5713272","1",""
"R16","150k 1%","Resistor_SMD:R_0402_1005Metric","C2909320","1",""
"U1","JMS583","cartouche:QFN-64_L8.0-W8.0-P0.40-TL-EP4.5","C9900110183","1",""
"U2","TPS82130","cartouche:USIP-8_L3.0-W2.8-P0.65-TL-EP","C473914","1",""
"U3","ZD25WQ16","cartouche:USON-8_L3.0-W2.0-P0.50-BL-EP","C7304007","1",""
"Y1","25MHz 12pF","cartouche:CRYSTAL-SMD_4P-L1.6-W1.2-BL","C7301914","1",""
