Comment,Designator,Footprint,LCSC Part #
100nF,"C1,C2,C3,C4",C_0201_0603Metric,C76934
10uF 25V,"C5,C28,C38",C_0805_2012Metric,C15850
100nF,"C6,C9,C10,C11,C12,C13,C14,C15,C16,C17,C18,C19,C20,C23,C24,C25,C26,C27,C29,C33,C42",C_0402_1005Metric,C1525
22uF,"C7,C40",C_0805_2012Metric,C45783
10uF,"C8,C22,C43,C44,C45,C46",C_0402_1005Metric,C15525
1uF,"C21,C30",C_0402_1005Metric,C52923
18pF,"C31,C32",C_0402_1005Metric,C1549
220nF,"C34,C35,C36,C37",C_0201_0603Metric,C76932
3.3nF,C39,C_0402_1005Metric,C1536
330uF 10V,C41,CP_EIA-7343-31_Kemet-D,C105408
USB-C 105450-0101,J1,USB_C_Receptacle_Molex_105450-0101,C134092
M.2 key M (2230),J2,CONN-SMD_APCI0113-P001A,C841669
4.7uH,L1,L_1008_2520Metric,C383386
red,LED1,LED_0603_1608Metric,C2286
5.1k,"R1,R2",R_0402_1005Metric,C25905
10k,"R3,R6,R10,R11,R12,R13,R14",R_0402_1005Metric,C25744
20k,R4,R_0402_1005Metric,C25765
12k 1%,R5,R_0402_1005Metric,C25752
1k,R9,R_0402_1005Metric,C11702
475k 1%,R15,R_0402_1005Metric,C5713272
150k 1%,R16,R_0402_1005Metric,C2909320
JMS583,U1,QFN-64_L8.0-W8.0-P0.40-TL-EP4.5,C9900110183
TPS82130,U2,USIP-8_L3.0-W2.8-P0.65-TL-EP,C473914
ZD25WQ16,U3,USON-8_L3.0-W2.0-P0.50-BL-EP,C7304007
25MHz 12pF,Y1,CRYSTAL-SMD_4P-L1.6-W1.2-BL,C7301914
