Designator,Mid X,Mid Y,Layer,Rotation
C1,17.200000mm,-22.400000mm,Top,180.000000
C2,15.800000mm,-22.800000mm,Top,180.000000
C3,15.800000mm,-23.600000mm,Top,180.000000
C4,17.200000mm,-23.200000mm,Top,180.000000
C5,10.250000mm,-17.250000mm,Top,0.000000
C6,6.250000mm,-18.250000mm,Top,0.000000
C7,33.500000mm,-19.500000mm,Top,90.000000
C8,27.750000mm,-14.500000mm,Top,90.000000
C9,29.500000mm,-16.000000mm,Top,90.000000
C10,17.750000mm,-19.250000mm,Top,0.000000
C11,18.000000mm,-29.000000mm,Top,0.000000
C12,16.000000mm,-29.750000mm,Top,90.000000
C13,14.250000mm,-29.750000mm,Top,90.000000
C14,12.750000mm,-29.500000mm,Top,90.000000
C15,29.750000mm,-25.250000mm,Top,0.000000
C16,30.000000mm,-30.000000mm,Top,0.000000
C17,32.500000mm,-29.750000mm,Top,90.000000
C18,32.500000mm,-27.250000mm,Top,90.000000
C19,32.250000mm,-25.250000mm,Top,0.000000
C20,30.250000mm,-23.750000mm,Top,0.000000
C21,15.750000mm,-19.000000mm,Top,90.000000
C22,17.750000mm,-17.750000mm,Top,0.000000
C23,25.250000mm,-15.000000mm,Top,0.000000
C24,20.750000mm,-17.750000mm,Top,0.000000
C25,11.250000mm,-29.750000mm,Top,90.000000
C26,32.250000mm,-23.250000mm,Top,90.000000
C27,34.250000mm,-26.500000mm,Top,90.000000
C28,31.500000mm,-15.250000mm,Top,90.000000
C29,19.000000mm,-16.250000mm,Top,0.000000
C30,18.250000mm,-14.750000mm,Top,0.000000
C31,34.250000mm,-24.000000mm,Top,90.000000
C32,34.000000mm,-16.750000mm,Top,0.000000
C33,24.750000mm,-12.000000mm,Top,0.000000
C34,25.990000mm,-30.760000mm,Top,-90.000000
C35,25.490000mm,-29.310000mm,Top,-90.000000
C36,22.990000mm,-30.760000mm,Top,-90.000000
C37,22.490000mm,-29.310000mm,Top,-90.000000
C38,11.750000mm,-14.000000mm,Top,0.000000
C39,9.250000mm,-7.250000mm,Top,0.000000
C40,15.000000mm,-12.750000mm,Top,90.000000
C41,23.240000mm,-43.500000mm,Top,0.000000
C42,14.500000mm,-7.250000mm,Top,90.000000
C43,12.250000mm,-41.750000mm,Top,0.000000
C44,14.750000mm,-42.000000mm,Top,0.000000
C45,33.250000mm,-41.750000mm,Top,0.000000
C46,34.250000mm,-43.250000mm,Top,0.000000
J1,5.000000mm,-24.800000mm,Top,-90.000000
J2,23.240000mm,-36.000000mm,Top,0.000000
L1,30.500000mm,-19.500000mm,Top,90.000000
LED1,23.000000mm,-17.000000mm,Top,90.000000
R1,11.000000mm,-19.250000mm,Top,0.000000
R2,9.000000mm,-31.250000mm,Top,0.000000
R3,22.750000mm,-14.000000mm,Top,90.000000
R4,20.750000mm,-13.750000mm,Top,0.000000
R5,34.000000mm,-29.000000mm,Top,90.000000
R6,21.000000mm,-15.750000mm,Top,90.000000
R9,20.250000mm,-11.750000mm,Top,90.000000
R10,31.750000mm,-12.500000mm,Top,0.000000
R11,27.250000mm,-12.000000mm,Top,0.000000
R12,22.250000mm,-12.000000mm,Top,0.000000
R13,25.250000mm,-13.500000mm,Top,0.000000
R14,9.000000mm,-12.750000mm,Top,90.000000
R15,12.500000mm,-6.750000mm,Top,0.000000
R16,12.500000mm,-5.250000mm,Top,0.000000
U1,24.000000mm,-23.800000mm,Top,-90.000000
U2,11.700000mm,-10.000000mm,Top,90.000000
U3,26.250000mm,-17.250000mm,Top,90.000000
Y1,30.250000mm,-27.500000mm,Top,90.000000
