Item,Designator,Qty,Manufacturer,Mfg Part #,Description / Value,Package/Footprint,LCSC Part #,Type
1,"C1,C2,C3,C4",4,muRata,GRM033R61A104KE15D,100nF ±10% 10V Ceramic Capacitor X5R 0201,0201,C76934,SMD
2,"C5,C28,C38",3,Samsung Electro-Mechanics,CL21A106KAYNNNE,10uF ±10% 25V Ceramic Capacitor X5R 0805,0805,C15850,SMD
3,"C6,C9,C10,C11,C12,C13,C14,C15,C16,C17,C18,C19,C20,C23,C24,C25,C26,C27,C29,C33,C42",21,Samsung Electro-Mechanics,CL05B104KO5NNNC,100nF ±10% 16V Ceramic Capacitor X7R 0402,0402,C1525,SMD
4,"C7,C40",2,Samsung Electro-Mechanics,CL21A226MAQNNNE,22uF ±20% 25V Ceramic Capacitor X5R 0805,0805,C45783,SMD
5,"C8,C22,C43,C44,C45,C46",6,Samsung Electro-Mechanics,CL05A106MQ5NUNC,10uF ±20% 6.3V Ceramic Capacitor X5R 0402,0402,C15525,SMD
6,"C21,C30",2,Samsung Electro-Mechanics,CL05A105KA5NQNC,1uF ±10% 25V Ceramic Capacitor X5R 0402,0402,C52923,SMD
7,"C31,C32",2,FH,0402CG180J500NT,18pF ±5% 50V Ceramic Capacitor C0G 0402,0402,C1549,SMD
8,"C34,C35,C36,C37",4,muRata,GRM033R60J224ME15D,220nF ±20% 6.3V Ceramic Capacitor X5R 0201,0201,C76932,SMD
9,C39,1,FH,0402B332K500NT,3.3nF ±10% 50V Ceramic Capacitor X7R 0402,0402,C1536,SMD
10,C41,1,Kyocera AVX,TAJD337M010RNJ,330uF ±20% 10V Tantalum Capacitors 900mΩ@100kHz CASE-D-7343,CASE-D-7343-31(mm),C105408,SMD
11,J1,1,MOLEX,1054500101,USB-C (USB TYPE-C) Receptacle Connector 24 Position Surface Mount,SMD,C134092,SMD
12,J2,1,LOTES,APCI0113-P001A,"67P Surface Mount, Right Angle SMD,P=0.5mm,Surface Mount,Right Angle Centronics Connectors ","SMD,P=0.5mm,Surface Mount,Right Angle",C841669,SMD
13,L1,1,TDK,MLP2520S4R7ST0S1,1A 4.7uH ±20% 110mΩ Multilayer inductor 1008 Fixed Inductors RoHS,1008,C383386,SMD
14,LED1,1,Hubei KENTO Elec,KT-0603R,Red 645nm LED Indication - Discrete 2.4V 0603,0603,C2286,SMD
15,"R1,R2",2,UNI-ROYAL,0402WGF5101TCE,5.1kΩ ±1% 62.5mW 0402 Thick Film Resistor,0402,C25905,SMD
16,"R3,R6,R10,R11,R12,R13,R14",7,UNI-ROYAL,0402WGF1002TCE,10kΩ ±1% 62.5mW 0402 Thick Film Resistor,0402,C25744,SMD
17,R4,1,UNI-ROYAL,0402WGF2002TCE,20kΩ ±1% 62.5mW 0402 Thick Film Resistor,0402,C25765,SMD
18,R5,1,UNI-ROYAL,0402WGF1202TCE,12kΩ ±1% 62.5mW 0402 Thick Film Resistor,0402,C25752,SMD
19,R9,1,UNI-ROYAL,0402WGF1001TCE,1kΩ ±1% 62.5mW 0402 Thick Film Resistor,0402,C11702,SMD
20,R15,1,FOJAN,FRC0402F4753TS,475kΩ ±1% 62.5mW 0402 Thick Film Resistor,0402,C5713272,SMD
21,R16,1,FOJAN,FRC0402F1503TS,150kΩ ±1% 62.5mW 0402 Thick Film Resistor,0402,C2909320,SMD
22,U1,1,JMicron,JMS583,USB 3.2 Gen 2 to PCIe Gen 3 x2 NVMe bridge (needs SPI flash firmware). Please quote sourcing; customer can supply if not available,QFN-64 (8x8 mm),C9900110183,SMD
23,U2,1,TI,TPS82130SILR,Step-down type 900mV~6V 3V~17V USIP-8 DC DC Converters RoHS,USIP-8,C473914,SMD
24,U3,1,Zetta,ZD25WQ16CEIGR,16Mbit 1.65V~3.6V 104MHz SPI USON-8(2x3) Memory RoHS,USON-8(2x3),C7304007,SMD
25,Y1,1,SCTF,SX0B25.000F1210F30,Crystal 25MHz ±10ppm 12pF 200Ω SMD1612-4P,SMD1612-4P,C7301914,SMD
