Ref,Val,Package,PosX,PosY,Rot,Side
"C1","100nF","C_0201_0603Metric",17.200000,-22.400000,180.000000,top
"C2","100nF","C_0201_0603Metric",15.800000,-22.800000,180.000000,top
"C3","100nF","C_0201_0603Metric",15.800000,-23.600000,180.000000,top
"C4","100nF","C_0201_0603Metric",17.200000,-23.200000,180.000000,top
"C5","10uF 25V","C_0805_2012Metric",10.250000,-17.250000,0.000000,top
"C6","100nF","C_0402_1005Metric",6.250000,-18.250000,0.000000,top
"C7","22uF","C_0805_2012Metric",33.500000,-19.500000,90.000000,top
"C8","10uF","C_0402_1005Metric",27.750000,-14.500000,90.000000,top
"C9","100nF","C_0402_1005Metric",29.500000,-16.000000,90.000000,top
"C10","100nF","C_0402_1005Metric",17.750000,-19.250000,0.000000,top
"C11","100nF","C_0402_1005Metric",18.000000,-29.000000,0.000000,top
"C12","100nF","C_0402_1005Metric",16.000000,-29.750000,90.000000,top
"C13","100nF","C_0402_1005Metric",14.250000,-29.750000,90.000000,top
"C14","100nF","C_0402_1005Metric",12.750000,-29.500000,90.000000,top
"C15","100nF","C_0402_1005Metric",29.750000,-25.250000,0.000000,top
"C16","100nF","C_0402_1005Metric",30.000000,-30.000000,0.000000,top
"C17","100nF","C_0402_1005Metric",32.500000,-29.750000,90.000000,top
"C18","100nF","C_0402_1005Metric",32.500000,-27.250000,90.000000,top
"C19","100nF","C_0402_1005Metric",32.250000,-25.250000,0.000000,top
"C20","100nF","C_0402_1005Metric",30.250000,-23.750000,0.000000,top
"C21","1uF","C_0402_1005Metric",15.750000,-19.000000,90.000000,top
"C22","10uF","C_0402_1005Metric",17.750000,-17.750000,0.000000,top
"C23","100nF","C_0402_1005Metric",25.250000,-15.000000,0.000000,top
"C24","100nF","C_0402_1005Metric",20.750000,-17.750000,0.000000,top
"C25","100nF","C_0402_1005Metric",11.250000,-29.750000,90.000000,top
"C26","100nF","C_0402_1005Metric",32.250000,-23.250000,90.000000,top
"C27","100nF","C_0402_1005Metric",34.250000,-26.500000,90.000000,top
"C28","10uF 25V","C_0805_2012Metric",31.500000,-15.250000,90.000000,top
"C29","100nF","C_0402_1005Metric",19.000000,-16.250000,0.000000,top
"C30","1uF","C_0402_1005Metric",18.250000,-14.750000,0.000000,top
"C31","18pF","C_0402_1005Metric",34.250000,-24.000000,90.000000,top
"C32","18pF","C_0402_1005Metric",34.000000,-16.750000,0.000000,top
"C33","100nF","C_0402_1005Metric",24.750000,-12.000000,0.000000,top
"C34","220nF","C_0201_0603Metric",25.990000,-30.760000,-90.000000,top
"C35","220nF","C_0201_0603Metric",25.490000,-29.310000,-90.000000,top
"C36","220nF","C_0201_0603Metric",22.990000,-30.760000,-90.000000,top
"C37","220nF","C_0201_0603Metric",22.490000,-29.310000,-90.000000,top
"C38","10uF 25V","C_0805_2012Metric",11.750000,-14.000000,0.000000,top
"C39","3.3nF","C_0402_1005Metric",9.250000,-7.250000,0.000000,top
"C40","22uF","C_0805_2012Metric",15.000000,-12.750000,90.000000,top
"C41","330uF 10V","CP_EIA-7343-31_Kemet-D",23.240000,-43.500000,0.000000,top
"C42","100nF","C_0402_1005Metric",14.500000,-7.250000,90.000000,top
"C43","10uF","C_0402_1005Metric",12.250000,-41.750000,0.000000,top
"C44","10uF","C_0402_1005Metric",14.750000,-42.000000,0.000000,top
"C45","10uF","C_0402_1005Metric",33.250000,-41.750000,0.000000,top
"C46","10uF","C_0402_1005Metric",34.250000,-43.250000,0.000000,top
"J1","USB-C 105450-0101","USB_C_Receptacle_Molex_105450-0101",5.000000,-24.800000,-90.000000,top
"J2","M.2 key M (2230)","CONN-SMD_APCI0113-P001A",23.240000,-36.000000,0.000000,top
"L1","4.7uH","L_1008_2520Metric",30.500000,-19.500000,90.000000,top
"LED1","red","LED_0603_1608Metric",23.000000,-17.000000,90.000000,top
"R1","5.1k","R_0402_1005Metric",11.000000,-19.250000,0.000000,top
"R2","5.1k","R_0402_1005Metric",9.000000,-31.250000,0.000000,top
"R3","10k","R_0402_1005Metric",22.750000,-14.000000,90.000000,top
"R4","20k","R_0402_1005Metric",20.750000,-13.750000,0.000000,top
"R5","12k 1%","R_0402_1005Metric",34.000000,-29.000000,90.000000,top
"R6","10k","R_0402_1005Metric",21.000000,-15.750000,90.000000,top
"R9","1k","R_0402_1005Metric",20.250000,-11.750000,90.000000,top
"R10","10k","R_0402_1005Metric",31.750000,-12.500000,0.000000,top
"R11","10k","R_0402_1005Metric",27.250000,-12.000000,0.000000,top
"R12","10k","R_0402_1005Metric",22.250000,-12.000000,0.000000,top
"R13","10k","R_0402_1005Metric",25.250000,-13.500000,0.000000,top
"R14","10k","R_0402_1005Metric",9.000000,-12.750000,90.000000,top
"R15","475k 1%","R_0402_1005Metric",12.500000,-6.750000,0.000000,top
"R16","150k 1%","R_0402_1005Metric",12.500000,-5.250000,0.000000,top
"U1","JMS583","QFN-64_L8.0-W8.0-P0.40-TL-EP4.5",24.000000,-23.800000,-90.000000,top
"U2","TPS82130","USIP-8_L3.0-W2.8-P0.65-TL-EP",11.700000,-10.000000,90.000000,top
"U3","ZD25WQ16","USON-8_L3.0-W2.0-P0.50-BL-EP",26.250000,-17.250000,90.000000,top
"Y1","25MHz 12pF","CRYSTAL-SMD_4P-L1.6-W1.2-BL",30.250000,-27.500000,90.000000,top
